model,source,curve,x,y,threshold
NB,sms,pr,1.0,0.11378353376503238,1.6327954567234654e-24
NB,sms,pr,1.0,0.11388888888888889,1.9001843933025038e-22
NB,sms,pr,1.0,0.11410018552875696,2.155779151092317e-15
NB,sms,pr,1.0,0.11420612813370473,3.4485505494552516e-15
NB,sms,pr,1.0,0.11431226765799256,1.4975368638008622e-14
NB,sms,pr,1.0,0.1144186046511628,4.62132336157534e-13
NB,sms,pr,1.0,0.11452513966480447,2.9635035122717168e-12
NB,sms,pr,1.0,0.11463187325256291,3.150575903347329e-12
NB,sms,pr,1.0,0.11473880597014925,4.725239511582156e-12
NB,sms,pr,1.0,0.11484593837535013,4.982622244758088e-12
NB,sms,pr,1.0,0.11495327102803739,6.135770226048827e-12
NB,sms,pr,1.0,0.11506080449017773,6.470693995490911e-12
NB,sms,pr,1.0,0.1151685393258427,6.579314540748726e-12
NB,sms,pr,1.0,0.11527647610121837,1.726707213592653e-11
NB,sms,pr,1.0,0.11538461538461539,3.3236924581229865e-11
NB,sms,pr,1.0,0.11549295774647887,3.793601066395195e-11
NB,sms,pr,1.0,0.1156015037593985,5.5668426259185286e-11
NB,sms,pr,1.0,0.11571025399811853,5.88828173513172e-11
NB,sms,pr,1.0,0.11581920903954802,7.014165612391296e-11
NB,sms,pr,1.0,0.11592836946277098,9.391752390635875e-11
NB,sms,pr,1.0,0.1160377358490566,9.425945469492819e-11
NB,sms,pr,1.0,0.11614730878186968,9.647189537364318e-11
NB,sms,pr,1.0,0.11625708884688091,1.107013594751662e-10
NB,sms,pr,1.0,0.11636707663197729,1.2928643930884253e-10
NB,sms,pr,1.0,0.11647727272727272,1.5449331242875806e-10
NB,sms,pr,1.0,0.11658767772511848,1.8827657647109472e-10
NB,sms,pr,1.0,0.11669829222011385,1.9607522967512503e-10
NB,sms,pr,1.0,0.1168091168091168,2.471683608609125e-10
NB,sms,pr,1.0,0.11692015209125475,2.4927258132508355e-10
NB,sms,pr,1.0,0.1170313986679353,2.730727632244522e-10
NB,sms,pr,1.0,0.11714285714285715,2.8518350522170523e-10
NB,sms,pr,1.0,0.11725452812202097,2.987094823768682e-10
NB,sms,pr,1.0,0.11736641221374046,4.0185849865711884e-10
NB,sms,pr,1.0,0.1174785100286533,4.86341211088082e-10
NB,sms,pr,1.0,0.11759082217973231,4.939181043618381e-10
NB,sms,pr,1.0,0.11770334928229666,5.224264547073033e-10
NB,sms,pr,1.0,0.11781609195402298,5.849630624045806e-10
NB,sms,pr,1.0,0.11792905081495686,5.992477633443381e-10
NB,sms,pr,1.0,0.118042226487524,6.091027627766429e-10
NB,sms,pr,1.0,0.11815561959654179,6.165591787554925e-10
NB,sms,pr,1.0,0.11826923076923077,6.405473266205353e-10
NB,sms,pr,1.0,0.11838306063522618,6.493372041187331e-10
NB,sms,pr,1.0,0.11849710982658959,6.890112447758993e-10
NB,sms,pr,1.0,0.11861137897782063,7.414375368218218e-10
NB,sms,pr,1.0,0.11872586872586872,8.294634030849123e-10
NB,sms,pr,1.0,0.11884057971014493,8.56014519844468e-10
NB,sms,pr,1.0,0.11895551257253385,8.620933495520024e-10
NB,sms,pr,1.0,0.11907066795740562,8.871405322424712e-10
NB,sms,pr,1.0,0.11918604651162791,9.3264227511251e-10
NB,sms,pr,1.0,0.11941747572815534,1.0069933759709288e-09
NB,sms,pr,1.0,0.119533527696793,1.0091337864177744e-09
NB,sms,pr,1.0,0.11964980544747082,1.119606683032933e-09
NB,sms,pr,1.0,0.11976630963972736,1.2142004640696097e-09
NB,sms,pr,1.0,0.11988304093567251,1.2694951720022682e-09
NB,sms,pr,1.0,0.12,1.281782863403976e-09
NB,sms,pr,1.0,0.1201171875,1.4138857101229712e-09
NB,sms,pr,1.0,0.12023460410557185,1.4140708629567296e-09
NB,sms,pr,1.0,0.12035225048923678,1.4811419376867454e-09
NB,sms,pr,1.0,0.12047012732615084,1.4910633714109147e-09
NB,sms,pr,1.0,0.12058823529411765,1.6164001031429825e-09
NB,sms,pr,1.0,0.12070657507360157,1.7444376371195506e-09
NB,sms,pr,1.0,0.12082514734774066,1.7677915180696825e-09
NB,sms,pr,1.0,0.12094395280235988,1.784309473002032e-09
NB,sms,pr,1.0,0.12106299212598425,1.938491352252583e-09
NB,sms,pr,1.0,0.12130177514792899,2.108159198186269e-09
NB,sms,pr,1.0,0.12142152023692004,2.1283663583569534e-09
NB,sms,pr,1.0,0.12154150197628459,2.1506545823324127e-09
NB,sms,pr,1.0,0.12166172106824925,2.2939584961249555e-09
NB,sms,pr,1.0,0.12178217821782178,2.3751113679677713e-09
NB,sms,pr,1.0,0.12190287413280476,3.0953704439562267e-09
NB,sms,pr,1.0,0.12202380952380952,3.147662428408413e-09
NB,sms,pr,1.0,0.1221449851042701,3.192811262801392e-09
NB,sms,pr,1.0,0.12226640159045726,3.477223840542371e-09
NB,sms,pr,1.0,0.12238805970149254,3.5705865874533016e-09
NB,sms,pr,1.0,0.12250996015936255,3.6065735392697024e-09
NB,sms,pr,1.0,0.1226321036889332,3.714666881329402e-09
NB,sms,pr,1.0,0.12275449101796407,3.76042824663267e-09
NB,sms,pr,1.0,0.12287712287712288,4.060675077925837e-09
NB,sms,pr,1.0,0.123,4.508824361043301e-09
NB,sms,pr,1.0,0.12312312312312312,4.626856979252305e-09
NB,sms,pr,1.0,0.12324649298597194,5.300650963051239e-09
NB,sms,pr,1.0,0.12337011033099297,5.740266819301718e-09
NB,sms,pr,1.0,0.12349397590361445,6.020949301065797e-09
NB,sms,pr,1.0,0.12361809045226131,6.284534113104629e-09
NB,sms,pr,1.0,0.12374245472837023,6.310020798153372e-09
NB,sms,pr,1.0,0.12386706948640483,6.7987486057627575e-09
NB,sms,pr,1.0,0.12399193548387097,6.89910335507844e-09
NB,sms,pr,1.0,0.124117053481332,6.932587001148772e-09
NB,sms,pr,1.0,0.12424242424242424,7.164209442520429e-09
NB,sms,pr,1.0,0.1243680485338726,7.862570854626005e-09
NB,sms,pr,1.0,0.12449392712550607,8.809425744393676e-09
NB,sms,pr,1.0,0.12462006079027356,9.224193056685446e-09
NB,sms,pr,1.0,0.12474645030425964,9.635758961098055e-09
NB,sms,pr,1.0,0.12487309644670051,9.992602145354642e-09
NB,sms,pr,1.0,0.125,1.040354230615872e-08
NB,sms,pr,1.0,0.12512716174974567,1.2144491892353692e-08
NB,sms,pr,1.0,0.12525458248472504,1.261680383027422e-08
NB,sms,pr,1.0,0.12538226299694188,1.4770566596137352e-08
NB,sms,pr,1.0,0.12551020408163266,1.5058010905614015e-08
NB,sms,pr,0.991869918699187,0.12461695607763024,1.565963250828836e-08
NB,sms,pr,0.991869918699187,0.12474437627811862,1.6120978955249098e-08
NB,sms,pr,0.991869918699187,0.12487205731832139,1.6506349300376506e-08
NB,sms,pr,0.991869918699187,0.125,1.6663877176337807e-08
NB,sms,pr,0.991869918699187,0.12512820512820513,1.9571795574003496e-08
NB,sms,pr,0.991869918699187,0.12525667351129363,2.0498508131779357e-08
NB,sms,pr,0.991869918699187,0.12538540596094552,2.1081588717831208e-08
NB,sms,pr,0.991869918699187,0.12551440329218108,2.2088842993635808e-08
NB,sms,pr,0.991869918699187,0.12564366632337795,2.2468654329455314e-08
NB,sms,pr,0.991869918699187,0.12577319587628866,2.265928001475013e-08
NB,sms,pr,0.991869918699187,0.1259029927760578,2.2914635416130197e-08
NB,sms,pr,0.991869918699187,0.12603305785123967,2.33195807286459e-08
NB,sms,pr,0.991869918699187,0.12616339193381593,2.6230066125856687e-08
NB,sms,pr,0.991869918699187,0.12629399585921325,2.7169576620730045e-08
NB,sms,pr,0.991869918699187,0.12642487046632125,2.878433013509837e-08
NB,sms,pr,0.991869918699187,0.12655601659751037,2.922113062576331e-08
NB,sms,pr,0.991869918699187,0.12668743509865005,3.256180420947282e-08
NB,sms,pr,0.991869918699187,0.12681912681912683,3.44834577567958e-08
NB,sms,pr,0.991869918699187,0.12695109261186263,3.451810626928652e-08
NB,sms,pr,0.991869918699187,0.12708333333333333,3.550690810527626e-08
NB,sms,pr,0.991869918699187,0.12721584984358708,4.1352222675043863e-08
NB,sms,pr,0.991869918699187,0.12734864300626306,4.3660818491334886e-08
NB,sms,pr,0.983739837398374,0.12643678160919541,4.7342309560140794e-08
NB,sms,pr,0.983739837398374,0.12656903765690378,5.12002305261028e-08
NB,sms,pr,0.983739837398374,0.12670157068062826,5.430284168268977e-08
NB,sms,pr,0.983739837398374,0.12683438155136267,5.574914096027912e-08
NB,sms,pr,0.983739837398374,0.12696747114375656,6.411352176247762e-08
NB,sms,pr,0.983739837398374,0.12710084033613445,7.440893353832187e-08
NB,sms,pr,0.983739837398374,0.12723449001051526,7.523351399498732e-08
NB,sms,pr,0.983739837398374,0.12736842105263158,7.73286721135038e-08
NB,sms,pr,0.983739837398374,0.12750263435194942,7.878578147652995e-08
NB,sms,pr,0.983739837398374,0.12763713080168776,7.959681163473216e-08
NB,sms,pr,0.983739837398374,0.12777191129883844,8.167597892621225e-08
NB,sms,pr,0.983739837398374,0.12790697674418605,8.207320042482696e-08
NB,sms,pr,0.983739837398374,0.12804232804232804,8.403717357492227e-08
NB,sms,pr,0.983739837398374,0.1281779661016949,8.772443717761752e-08
NB,sms,pr,0.983739837398374,0.1283138918345705,8.789925930113218e-08
NB,sms,pr,0.983739837398374,0.12845010615711253,9.427305781711374e-08
NB,sms,pr,0.983739837398374,0.12858660998937302,1.0341158867121941e-07
NB,sms,pr,0.983739837398374,0.12872340425531914,1.0408626869641392e-07
NB,sms,pr,0.983739837398374,0.1288604898828541,1.0627337503423882e-07
NB,sms,pr,0.983739837398374,0.12899786780383796,1.0733626429869637e-07
NB,sms,pr,0.983739837398374,0.12913553895410887,1.0784519897513703e-07
NB,sms,pr,0.983739837398374,0.12927350427350429,1.1028954977089155e-07
NB,sms,pr,0.983739837398374,0.12941176470588237,1.1099738565694243e-07
NB,sms,pr,0.983739837398374,0.12955032119914348,1.1394147684463737e-07
NB,sms,pr,0.983739837398374,0.12968917470525188,1.1428240574660122e-07
NB,sms,pr,0.983739837398374,0.1298283261802575,1.2006755924185734e-07
NB,sms,pr,0.983739837398374,0.12996777658431793,1.2072835319819685e-07
NB,sms,pr,0.983739837398374,0.13010752688172042,1.2981678337359993e-07
NB,sms,pr,0.983739837398374,0.1302475780409042,1.411185391916885e-07
NB,sms,pr,0.983739837398374,0.13038793103448276,1.4230121265673956e-07
NB,sms,pr,0.983739837398374,0.13052858683926646,1.4538960764148331e-07
NB,sms,pr,0.983739837398374,0.1306695464362851,1.4957306549017011e-07
NB,sms,pr,0.983739837398374,0.1308108108108108,1.5926202037751335e-07
NB,sms,pr,0.983739837398374,0.13095238095238096,1.6366612778364665e-07
NB,sms,pr,0.983739837398374,0.13109425785482123,1.6514541510461356e-07
NB,sms,pr,0.983739837398374,0.13123644251626898,1.692706911577113e-07
NB,sms,pr,0.983739837398374,0.13137893593919653,1.7067308285568239e-07
NB,sms,pr,0.983739837398374,0.13152173913043477,1.8241822914023204e-07
NB,sms,pr,0.983739837398374,0.13166485310119697,1.8518718257249787e-07
NB,sms,pr,0.983739837398374,0.1318082788671024,1.9174948312163794e-07
NB,sms,pr,0.983739837398374,0.13195201744820065,2.069524781820378e-07
NB,sms,pr,0.983739837398374,0.13209606986899564,2.1529702962086284e-07
NB,sms,pr,0.983739837398374,0.13224043715846995,2.3378025750027327e-07
NB,sms,pr,0.983739837398374,0.1323851203501094,2.461560089639504e-07
NB,sms,pr,0.983739837398374,0.13253012048192772,2.466803019453031e-07
NB,sms,pr,0.983739837398374,0.13267543859649122,2.60697772292293e-07
NB,sms,pr,0.983739837398374,0.132821075740944,2.7771129418022256e-07
NB,sms,pr,0.983739837398374,0.13296703296703297,2.782058515526788e-07
NB,sms,pr,0.983739837398374,0.1331133113311331,2.821471138182847e-07
NB,sms,pr,0.983739837398374,0.13325991189427314,2.8470303340236415e-07
NB,sms,pr,0.983739837398374,0.13340683572216097,2.9717365118189446e-07
NB,sms,pr,0.983739837398374,0.1335540838852097,3.018094905148138e-07
NB,sms,pr,0.983739837398374,0.13370165745856355,3.080638752699954e-07
NB,sms,pr,0.983739837398374,0.1338495575221239,3.13939026464224e-07
NB,sms,pr,0.983739837398374,0.13399778516057587,3.207939432960786e-07
NB,sms,pr,0.983739837398374,0.13414634146341464,3.211791142850011e-07
NB,sms,pr,0.983739837398374,0.13429522752497225,3.2281972855907573e-07
NB,sms,pr,0.983739837398374,0.13444444444444445,3.2832087927794854e-07
NB,sms,pr,0.983739837398374,0.13459399332591768,3.314847318583436e-07
NB,sms,pr,0.983739837398374,0.13474387527839643,3.482289228313204e-07
NB,sms,pr,0.983739837398374,0.13489409141583056,3.4875090969999286e-07
NB,sms,pr,0.983739837398374,0.13504464285714285,3.498798923233322e-07
NB,sms,pr,0.983739837398374,0.13519553072625698,3.512487856038637e-07
NB,sms,pr,0.983739837398374,0.13534675615212527,3.51841545460882e-07
NB,sms,pr,0.983739837398374,0.135498320268757,3.596221620406549e-07
NB,sms,pr,0.983739837398374,0.13565022421524664,3.608001084095808e-07
NB,sms,pr,0.983739837398374,0.13580246913580246,3.6171034301749764e-07
NB,sms,pr,0.983739837398374,0.13595505617977527,3.7401712285998863e-07
NB,sms,pr,0.983739837398374,0.1361079865016873,3.77783953375225e-07
NB,sms,pr,0.983739837398374,0.13626126126126126,3.807436683701818e-07
NB,sms,pr,0.983739837398374,0.13641488162344984,3.921631469151762e-07
NB,sms,pr,0.983739837398374,0.136568848758465,3.9443513351566974e-07
NB,sms,pr,0.983739837398374,0.1367231638418079,3.983816485146733e-07
NB,sms,pr,0.983739837398374,0.13687782805429866,4.214971442134918e-07
NB,sms,pr,0.975609756097561,0.13590033975084936,4.327386558352914e-07
NB,sms,pr,0.975609756097561,0.1360544217687075,4.398980813778524e-07
NB,sms,pr,0.975609756097561,0.1362088535754824,4.4315682495408714e-07
NB,sms,pr,0.975609756097561,0.13636363636363635,4.433462321972391e-07
NB,sms,pr,0.975609756097561,0.13651877133105803,4.443640554665691e-07
NB,sms,pr,0.975609756097561,0.1366742596810934,4.482916015477853e-07
NB,sms,pr,0.975609756097561,0.13683010262257697,4.500048135460548e-07
NB,sms,pr,0.975609756097561,0.136986301369863,4.5027750875372146e-07
NB,sms,pr,0.975609756097561,0.13714285714285715,4.558058988356521e-07
NB,sms,pr,0.975609756097561,0.13729977116704806,4.830329517409457e-07
NB,sms,pr,0.975609756097561,0.13745704467353953,4.84473172151482e-07
NB,sms,pr,0.975609756097561,0.13761467889908258,4.878780829199885e-07
NB,sms,pr,0.975609756097561,0.1377726750861079,4.892720192381369e-07
NB,sms,pr,0.975609756097561,0.13793103448275862,4.901209894574913e-07
NB,sms,pr,0.975609756097561,0.1380897583429229,4.990071991531417e-07
NB,sms,pr,0.975609756097561,0.1382488479262673,5.107200431400817e-07
NB,sms,pr,0.975609756097561,0.1384083044982699,5.129334854302501e-07
NB,sms,pr,0.975609756097561,0.13856812933025403,5.1566033149594e-07
NB,sms,pr,0.975609756097561,0.13872832369942195,5.189699201105082e-07
NB,sms,pr,0.975609756097561,0.1388888888888889,5.238046814547157e-07
NB,sms,pr,0.975609756097561,0.13904982618771727,5.271234877229356e-07
NB,sms,pr,0.975609756097561,0.13921113689095127,5.315111430226202e-07
NB,sms,pr,0.975609756097561,0.13937282229965156,5.363037870511792e-07
NB,sms,pr,0.975609756097561,0.13953488372093023,5.429825254501175e-07
NB,sms,pr,0.975609756097561,0.13969732246798602,5.520251315215881e-07
NB,sms,pr,0.975609756097561,0.13986013986013987,5.689012129441087e-07
NB,sms,pr,0.975609756097561,0.14002333722287047,5.720685112951467e-07
NB,sms,pr,0.975609756097561,0.14018691588785046,5.756703241501916e-07
NB,sms,pr,0.975609756097561,0.14035087719298245,5.844117460148301e-07
NB,sms,pr,0.975609756097561,0.1405152224824356,5.900666356623896e-07
NB,sms,pr,0.975609756097561,0.1406799531066823,6.01544615072768e-07
NB,sms,pr,0.975609756097561,0.14084507042253522,6.242330315221261e-07
NB,sms,pr,0.975609756097561,0.1410105757931845,6.341965596306114e-07
NB,sms,pr,0.975609756097561,0.1411764705882353,6.419541082652675e-07
NB,sms,pr,0.975609756097561,0.1413427561837456,6.421313948784309e-07
NB,sms,pr,0.975609756097561,0.14150943396226415,6.505910254854432e-07
NB,sms,pr,0.975609756097561,0.14167650531286896,7.004459443058187e-07
NB,sms,pr,0.975609756097561,0.14184397163120568,7.340964521976918e-07
NB,sms,pr,0.975609756097561,0.14201183431952663,7.353471454004381e-07
NB,sms,pr,0.975609756097561,0.14218009478672985,7.714055844169068e-07
NB,sms,pr,0.975609756097561,0.1423487544483986,7.870003907758587e-07
NB,sms,pr,0.975609756097561,0.14251781472684086,7.926914913585778e-07
NB,sms,pr,0.975609756097561,0.1426872770511296,7.932625157729729e-07
NB,sms,pr,0.975609756097561,0.14285714285714285,8.370611321500798e-07
NB,sms,pr,0.975609756097561,0.1430274135876043,8.539745728881574e-07
NB,sms,pr,0.975609756097561,0.1431980906921241,8.62331871540529e-07
NB,sms,pr,0.975609756097561,0.14336917562724014,8.671334116000219e-07
NB,sms,pr,0.975609756097561,0.14354066985645933,8.91101920154507e-07
NB,sms,pr,0.975609756097561,0.1437125748502994,8.965630031140664e-07
NB,sms,pr,0.975609756097561,0.14388489208633093,9.152527630942583e-07
NB,sms,pr,0.975609756097561,0.14405762304921968,9.395353007266028e-07
NB,sms,pr,0.975609756097561,0.14423076923076922,9.880089879472325e-07
NB,sms,pr,0.975609756097561,0.1444043321299639,9.97343222504646e-07
NB,sms,pr,0.975609756097561,0.14457831325301204,1.0807573328169585e-06
NB,sms,pr,0.975609756097561,0.14475271411338964,1.0867022872316021e-06
NB,sms,pr,0.975609756097561,0.14492753623188406,1.0949644477485215e-06
NB,sms,pr,0.975609756097561,0.14510278113663846,1.104889540323234e-06
NB,sms,pr,0.975609756097561,0.14527845036319612,1.1089879485447597e-06
NB,sms,pr,0.975609756097561,0.14545454545454545,1.1296069321796274e-06
NB,sms,pr,0.975609756097561,0.14563106796116504,1.1314675235350156e-06
NB,sms,pr,0.975609756097561,0.14580801944106925,1.1714905680241724e-06
NB,sms,pr,0.975609756097561,0.145985401459854,1.1773723784153455e-06
NB,sms,pr,0.975609756097561,0.146163215590743,1.2077285303846894e-06
NB,sms,pr,0.975609756097561,0.14634146341463414,1.2080491321810972e-06
NB,sms,pr,0.975609756097561,0.14652014652014653,1.310486827523319e-06
NB,sms,pr,0.975609756097561,0.1466992665036675,1.3152239912828715e-06
NB,sms,pr,0.975609756097561,0.14687882496940025,1.3725802467221243e-06
NB,sms,pr,0.975609756097561,0.14705882352941177,1.3887503232405671e-06
NB,sms,pr,0.975609756097561,0.147239263803681,1.4528825047253416e-06
NB,sms,pr,0.975609756097561,0.14742014742014742,1.4554931928743143e-06
NB,sms,pr,0.975609756097561,0.14760147601476015,1.458363236646399e-06
NB,sms,pr,0.975609756097561,0.1477832512315271,1.4656848090848679e-06
NB,sms,pr,0.975609756097561,0.14796547472256474,1.4744526738001588e-06
NB,sms,pr,0.975609756097561,0.14814814814814814,1.4780328531849985e-06
NB,sms,pr,0.975609756097561,0.14833127317676142,1.5064345117500716e-06
NB,sms,pr,0.975609756097561,0.1485148514851485,1.5069530338270753e-06
NB,sms,pr,0.975609756097561,0.14869888475836432,1.5295118755723445e-06
NB,sms,pr,0.975609756097561,0.1488833746898263,1.5568204659771388e-06
NB,sms,pr,0.975609756097561,0.14906832298136646,1.5657651513751886e-06
NB,sms,pr,0.975609756097561,0.14925373134328357,1.5785908052465558e-06
NB,sms,pr,0.975609756097561,0.149439601494396,1.5922881704618448e-06
NB,sms,pr,0.975609756097561,0.14962593516209477,1.6104254157430116e-06
NB,sms,pr,0.975609756097561,0.149812734082397,1.6164091965236046e-06
NB,sms,pr,0.975609756097561,0.15,1.6394334882308066e-06
NB,sms,pr,0.975609756097561,0.15018773466833543,1.6453288673889359e-06
NB,sms,pr,0.975609756097561,0.15037593984962405,1.6632620175309844e-06
NB,sms,pr,0.975609756097561,0.15056461731493098,1.7066773104882602e-06
NB,sms,pr,0.975609756097561,0.1507537688442211,1.7133499141259673e-06
NB,sms,pr,0.975609756097561,0.1509433962264151,1.7159079853846186e-06
NB,sms,pr,0.975609756097561,0.15113350125944586,1.7163988314569502e-06
NB,sms,pr,0.975609756097561,0.15132408575031525,1.7319770508376138e-06
NB,sms,pr,0.975609756097561,0.15151515151515152,1.7578266830868986e-06
NB,sms,pr,0.975609756097561,0.15170670037926676,1.7598190313571652e-06
NB,sms,pr,0.975609756097561,0.1518987341772152,1.7638990809473979e-06
NB,sms,pr,0.975609756097561,0.1520912547528517,1.7699060319100422e-06
NB,sms,pr,0.975609756097561,0.15228426395939088,1.783064860814989e-06
NB,sms,pr,0.975609756097561,0.15247776365946633,1.793105461346752e-06
NB,sms,pr,0.975609756097561,0.15267175572519084,1.861295464782089e-06
NB,sms,pr,0.975609756097561,0.15286624203821655,1.8762579895818906e-06
NB,sms,pr,0.975609756097561,0.15306122448979592,1.8917439401155418e-06
NB,sms,pr,0.975609756097561,0.1532567049808429,1.94502608083179e-06
NB,sms,pr,0.975609756097561,0.1534526854219949,1.9530822039679676e-06
NB,sms,pr,0.975609756097561,0.15364916773367476,1.966298331701344e-06
NB,sms,pr,0.975609756097561,0.15384615384615385,1.9758600042855147e-06
NB,sms,pr,0.975609756097561,0.1540436456996149,1.9785964245780264e-06
NB,sms,pr,0.975609756097561,0.15424164524421594,2.012098895260641e-06
NB,sms,pr,0.975609756097561,0.15444015444015444,2.018962840386768e-06
NB,sms,pr,0.975609756097561,0.15463917525773196,2.0214160023360587e-06
NB,sms,pr,0.975609756097561,0.15483870967741936,2.037110525463125e-06
NB,sms,pr,0.975609756097561,0.15503875968992248,2.0392264114460718e-06
NB,sms,pr,0.975609756097561,0.15523932729624837,2.093302301047741e-06
NB,sms,pr,0.975609756097561,0.15544041450777202,2.1009819020871886e-06
NB,sms,pr,0.975609756097561,0.1556420233463035,2.1323254147429758e-06
NB,sms,pr,0.975609756097561,0.15584415584415584,2.1572476009414794e-06
NB,sms,pr,0.975609756097561,0.15604681404421328,2.233475835549652e-06
NB,sms,pr,0.975609756097561,0.15625,2.301268576524223e-06
NB,sms,pr,0.975609756097561,0.15645371577574968,2.324467460052503e-06
NB,sms,pr,0.975609756097561,0.1566579634464752,2.3279872312273423e-06
NB,sms,pr,0.975609756097561,0.1568627450980392,2.3367399883697475e-06
NB,sms,pr,0.975609756097561,0.15706806282722513,2.391737931434415e-06
NB,sms,pr,0.975609756097561,0.15748031496062992,2.3943287930267085e-06
NB,sms,pr,0.975609756097561,0.15768725361366623,2.3957543227467134e-06
NB,sms,pr,0.975609756097561,0.15789473684210525,2.4526453487396535e-06
NB,sms,pr,0.975609756097561,0.158311345646438,2.4812598198333003e-06
NB,sms,pr,0.975609756097561,0.15852047556142668,2.551498593536441e-06
NB,sms,pr,0.975609756097561,0.15873015873015872,2.554053541042885e-06
NB,sms,pr,0.975609756097561,0.15894039735099338,2.600864907696955e-06
NB,sms,pr,0.975609756097561,0.15915119363395225,2.606744172216657e-06
NB,sms,pr,0.975609756097561,0.1593625498007968,2.6620410554619494e-06
NB,sms,pr,0.975609756097561,0.1595744680851064,2.7796200106503947e-06
NB,sms,pr,0.975609756097561,0.15978695073235685,2.790120490465622e-06
NB,sms,pr,0.975609756097561,0.16,2.794674727462287e-06
NB,sms,pr,0.975609756097561,0.1602136181575434,2.8080364485310606e-06
NB,sms,pr,0.975609756097561,0.16042780748663102,2.8701396957205967e-06
NB,sms,pr,0.975609756097561,0.1606425702811245,2.9626935175184283e-06
NB,sms,pr,0.975609756097561,0.16085790884718498,2.9816076425595173e-06
NB,sms,pr,0.975609756097561,0.1610738255033557,2.986190561801645e-06
NB,sms,pr,0.975609756097561,0.16129032258064516,3.0292543431881646e-06
NB,sms,pr,0.975609756097561,0.16150740242261102,3.0885227139858827e-06
NB,sms,pr,0.975609756097561,0.16172506738544473,3.094608757453732e-06
NB,sms,pr,0.975609756097561,0.16194331983805668,3.0977739287175158e-06
NB,sms,pr,0.975609756097561,0.16216216216216217,3.119752610388277e-06
NB,sms,pr,0.975609756097561,0.16238159675236807,3.1740376798673922e-06
NB,sms,pr,0.975609756097561,0.16260162601626016,3.2095827027375678e-06
NB,sms,pr,0.975609756097561,0.1628222523744912,3.2372935557666295e-06
NB,sms,pr,0.975609756097561,0.16304347826086957,3.2566559217278514e-06
NB,sms,pr,0.975609756097561,0.16326530612244897,3.381573930095628e-06
NB,sms,pr,0.975609756097561,0.16348773841961853,3.47262171616659e-06
NB,sms,pr,0.975609756097561,0.16371077762619374,3.57588951080843e-06
NB,sms,pr,0.975609756097561,0.16393442622950818,3.577132629692311e-06
NB,sms,pr,0.975609756097561,0.16415868673050615,3.7694139806817956e-06
NB,sms,pr,0.975609756097561,0.1643835616438356,3.7904118762605508e-06
NB,sms,pr,0.975609756097561,0.1646090534979424,3.8048837992837857e-06
NB,sms,pr,0.975609756097561,0.16483516483516483,3.842618795049632e-06
NB,sms,pr,0.975609756097561,0.16506189821182943,4.012060535772948e-06
NB,sms,pr,0.975609756097561,0.1652892561983471,4.0290201141826624e-06
NB,sms,pr,0.975609756097561,0.16551724137931034,4.031927478189064e-06
NB,sms,pr,0.975609756097561,0.16574585635359115,4.110201109756642e-06
NB,sms,pr,0.975609756097561,0.16597510373443983,4.122189492527967e-06
NB,sms,pr,0.975609756097561,0.16620498614958448,4.136092311136399e-06
NB,sms,pr,0.975609756097561,0.1664355062413315,4.292818608530447e-06
NB,sms,pr,0.975609756097561,0.16666666666666666,4.304013231218099e-06
NB,sms,pr,0.975609756097561,0.16689847009735745,4.355476789056132e-06
NB,sms,pr,0.975609756097561,0.1671309192200557,4.413741065529681e-06
NB,sms,pr,0.975609756097561,0.16736401673640167,4.454134711047843e-06
NB,sms,pr,0.975609756097561,0.16759776536312848,4.4691239296700005e-06
NB,sms,pr,0.975609756097561,0.16783216783216784,4.480421725724867e-06
NB,sms,pr,0.975609756097561,0.16806722689075632,4.5410789593579155e-06
NB,sms,pr,0.975609756097561,0.16830294530154277,4.552777390291293e-06
NB,sms,pr,0.975609756097561,0.16853932584269662,4.6240848439721335e-06
NB,sms,pr,0.975609756097561,0.16877637130801687,4.643789168259433e-06
NB,sms,pr,0.975609756097561,0.16901408450704225,4.806443988655627e-06
NB,sms,pr,0.975609756097561,0.1692524682651622,4.852182358450393e-06
NB,sms,pr,0.975609756097561,0.1694915254237288,4.921605021758554e-06
NB,sms,pr,0.975609756097561,0.16973125884016974,5.084009229640831e-06
NB,sms,pr,0.975609756097561,0.16997167138810199,5.091005423406929e-06
NB,sms,pr,0.975609756097561,0.1702127659574468,5.117950682112215e-06
NB,sms,pr,0.975609756097561,0.17045454545454544,5.137873994489849e-06
NB,sms,pr,0.975609756097561,0.17069701280227595,5.153259770178684e-06
NB,sms,pr,0.975609756097561,0.17094017094017094,5.233837361291608e-06
NB,sms,pr,0.975609756097561,0.17118402282453637,5.234198557219175e-06
NB,sms,pr,0.975609756097561,0.17142857142857143,5.24042285559344e-06
NB,sms,pr,0.975609756097561,0.17167381974248927,5.420050365602025e-06
NB,sms,pr,0.975609756097561,0.17191977077363896,5.423835368290536e-06
NB,sms,pr,0.975609756097561,0.17216642754662842,5.460869736403681e-06
NB,sms,pr,0.975609756097561,0.1724137931034483,5.537574903657034e-06
NB,sms,pr,0.975609756097561,0.17266187050359713,5.643949787429325e-06
NB,sms,pr,0.975609756097561,0.1729106628242075,5.708241971499257e-06
NB,sms,pr,0.975609756097561,0.17316017316017315,5.866261911280713e-06
NB,sms,pr,0.975609756097561,0.17341040462427745,5.942378034616382e-06
NB,sms,pr,0.975609756097561,0.1736613603473227,6.109065467661712e-06
NB,sms,pr,0.975609756097561,0.17391304347826086,6.145637476258067e-06
NB,sms,pr,0.975609756097561,0.1741654571843251,6.265277681327889e-06
NB,sms,pr,0.975609756097561,0.1744186046511628,6.38285829307268e-06
NB,sms,pr,0.975609756097561,0.17467248908296942,6.513221291914598e-06
NB,sms,pr,0.975609756097561,0.1749271137026239,6.57476225256954e-06
NB,sms,pr,0.975609756097561,0.17518248175182483,6.7309658518069026e-06
NB,sms,pr,0.975609756097561,0.17543859649122806,6.86566823566319e-06
NB,sms,pr,0.975609756097561,0.17569546120058566,7.068379886633898e-06
NB,sms,pr,0.975609756097561,0.17595307917888564,7.1500084153255e-06
NB,sms,pr,0.975609756097561,0.1762114537444934,7.234359589505162e-06
NB,sms,pr,0.975609756097561,0.17647058823529413,7.293320163698869e-06
NB,sms,pr,0.975609756097561,0.17673048600883653,7.309909727646592e-06
NB,sms,pr,0.975609756097561,0.17699115044247787,7.380201051355776e-06
NB,sms,pr,0.975609756097561,0.17725258493353027,7.5534660076338015e-06
NB,sms,pr,0.975609756097561,0.17751479289940827,7.695556185942191e-06
NB,sms,pr,0.975609756097561,0.17777777777777778,7.709461420842509e-06
NB,sms,pr,0.975609756097561,0.17804154302670624,7.781257567358144e-06
NB,sms,pr,0.975609756097561,0.17830609212481427,7.809595413442277e-06
NB,sms,pr,0.975609756097561,0.17857142857142858,7.840094414822514e-06
NB,sms,pr,0.975609756097561,0.17883755588673622,7.85476822465137e-06
NB,sms,pr,0.975609756097561,0.17937219730941703,7.871564893040744e-06
NB,sms,pr,0.975609756097561,0.17964071856287425,7.896785086088611e-06
NB,sms,pr,0.975609756097561,0.17991004497751126,7.965779324858503e-06
NB,sms,pr,0.975609756097561,0.18018018018018017,8.158434691098486e-06
NB,sms,pr,0.975609756097561,0.18045112781954886,8.166356387397574e-06
NB,sms,pr,0.975609756097561,0.18072289156626506,8.230494665548746e-06
NB,sms,pr,0.975609756097561,0.18099547511312217,8.479005336131757e-06
NB,sms,pr,0.975609756097561,0.18126888217522658,8.515082266515791e-06
NB,sms,pr,0.975609756097561,0.1815431164901664,8.524087028764422e-06
NB,sms,pr,0.975609756097561,0.18181818181818182,8.527475183082137e-06
NB,sms,pr,0.975609756097561,0.18209408194233687,8.537580072541517e-06
NB,sms,pr,0.975609756097561,0.182370820668693,8.570582002313704e-06
NB,sms,pr,0.975609756097561,0.182648401826484,8.640719682498417e-06
NB,sms,pr,0.975609756097561,0.18292682926829268,8.64321304952735e-06
NB,sms,pr,0.975609756097561,0.183206106870229,8.656415592581321e-06
NB,sms,pr,0.975609756097561,0.1834862385321101,8.672927818429012e-06
NB,sms,pr,0.975609756097561,0.18376722817764166,8.775731411274177e-06
NB,sms,pr,0.975609756097561,0.18404907975460122,8.85993064757911e-06
NB,sms,pr,0.975609756097561,0.18433179723502305,8.87122526365497e-06
NB,sms,pr,0.975609756097561,0.18461538461538463,8.956257965854617e-06
NB,sms,pr,0.975609756097561,0.18489984591679506,8.959959095046336e-06
NB,sms,pr,0.975609756097561,0.18518518518518517,9.081978076765544e-06
NB,sms,pr,0.975609756097561,0.18547140649149924,9.088188995369161e-06
NB,sms,pr,0.975609756097561,0.18575851393188855,9.340174604722325e-06
NB,sms,pr,0.975609756097561,0.18604651162790697,9.390851301831344e-06
NB,sms,pr,0.975609756097561,0.18633540372670807,9.470400107208035e-06
NB,sms,pr,0.975609756097561,0.18662519440124417,9.529295397298874e-06
NB,sms,pr,0.975609756097561,0.18691588785046728,9.65376743414346e-06
NB,sms,pr,0.975609756097561,0.187207488299532,9.66874786452608e-06
NB,sms,pr,0.975609756097561,0.1875,9.76991185962046e-06
NB,sms,pr,0.975609756097561,0.18779342723004694,9.893270781973543e-06
NB,sms,pr,0.975609756097561,0.18808777429467086,1.0108793880489698e-05
NB,sms,pr,0.975609756097561,0.18838304552590268,1.0159201809958241e-05
NB,sms,pr,0.975609756097561,0.18867924528301888,1.0618313939490248e-05
NB,sms,pr,0.975609756097561,0.1889763779527559,1.079152927444007e-05
NB,sms,pr,0.975609756097561,0.1892744479495268,1.0847097386632393e-05
NB,sms,pr,0.975609756097561,0.1895734597156398,1.0924053697401791e-05
NB,sms,pr,0.975609756097561,0.189873417721519,1.09855455626582e-05
NB,sms,pr,0.975609756097561,0.1901743264659271,1.1179908380150214e-05
NB,sms,pr,0.975609756097561,0.19047619047619047,1.126926331267603e-05
NB,sms,pr,0.975609756097561,0.1907790143084261,1.1301969419573967e-05
NB,sms,pr,0.967479674796748,0.18949044585987262,1.1339368767547563e-05
NB,sms,pr,0.967479674796748,0.189792663476874,1.1664548561646025e-05
NB,sms,pr,0.967479674796748,0.1900958466453674,1.1838947968534265e-05
NB,sms,pr,0.967479674796748,0.1904,1.1982541537270687e-05
NB,sms,pr,0.967479674796748,0.1907051282051282,1.2063630321755897e-05
NB,sms,pr,0.959349593495935,0.18940609951845908,1.2085505998691825e-05
NB,sms,pr,0.959349593495935,0.18971061093247588,1.2269447141208209e-05
NB,sms,pr,0.959349593495935,0.19218241042345277,1.2358207157896759e-05
NB,sms,pr,0.959349593495935,0.19249592169657423,1.268502929472963e-05
NB,sms,pr,0.959349593495935,0.19281045751633988,1.2794140233706203e-05
NB,sms,pr,0.959349593495935,0.19312602291325695,1.2813665835179172e-05
NB,sms,pr,0.959349593495935,0.19344262295081968,1.3763576277019433e-05
NB,sms,pr,0.959349593495935,0.19376026272577998,1.3861658784448264e-05
NB,sms,pr,0.9512195121951219,0.1924342105263158,1.3949943575399116e-05
NB,sms,pr,0.9512195121951219,0.1927512355848435,1.4005227823735599e-05
NB,sms,pr,0.9512195121951219,0.19306930693069307,1.4022737556698342e-05
NB,sms,pr,0.9512195121951219,0.1933884297520661,1.423867727785842e-05
NB,sms,pr,0.9512195121951219,0.19370860927152317,1.435088974502958e-05
NB,sms,pr,0.9512195121951219,0.19402985074626866,1.4470299152252861e-05
NB,sms,pr,0.9512195121951219,0.19435215946843853,1.4550322259554943e-05
NB,sms,pr,0.9512195121951219,0.195,1.4610027415230792e-05
NB,sms,pr,0.9512195121951219,0.19532554257095158,1.462593463038058e-05
NB,sms,pr,0.9512195121951219,0.1956521739130435,1.4648275162970337e-05
NB,sms,pr,0.9512195121951219,0.19597989949748743,1.4813661116145265e-05
NB,sms,pr,0.9512195121951219,0.19630872483221476,1.4982119653125735e-05
NB,sms,pr,0.9512195121951219,0.19663865546218487,1.5038416599237543e-05
NB,sms,pr,0.9512195121951219,0.19696969696969696,1.5131306597323354e-05
NB,sms,pr,0.9512195121951219,0.1973018549747049,1.5138436217128164e-05
NB,sms,pr,0.9512195121951219,0.19763513513513514,1.557509684530634e-05
NB,sms,pr,0.9512195121951219,0.19796954314720813,1.5622952104131667e-05
NB,sms,pr,0.9512195121951219,0.19830508474576272,1.6016219449036353e-05
NB,sms,pr,0.9512195121951219,0.19864176570458403,1.6728936153951057e-05
NB,sms,pr,0.9512195121951219,0.1989795918367347,1.6747457238293656e-05
NB,sms,pr,0.9512195121951219,0.19931856899488926,1.6959910970807203e-05
NB,sms,pr,0.9512195121951219,0.19965870307167236,1.7112692906563617e-05
NB,sms,pr,0.9512195121951219,0.2,1.7171583013320217e-05
NB,sms,pr,0.9512195121951219,0.20034246575342465,1.7230012156118078e-05
NB,sms,pr,0.9512195121951219,0.2006861063464837,1.729902896100623e-05
NB,sms,pr,0.9512195121951219,0.20103092783505155,1.7380664787874465e-05
NB,sms,pr,0.9512195121951219,0.20137693631669534,1.7510024194355344e-05
NB,sms,pr,0.9512195121951219,0.20172413793103447,1.755046736979512e-05
NB,sms,pr,0.9512195121951219,0.20207253886010362,1.762282609136346e-05
NB,sms,pr,0.9512195121951219,0.20242214532871972,1.77103612717918e-05
NB,sms,pr,0.9512195121951219,0.2027729636048527,1.7883364552737567e-05
NB,sms,pr,0.9512195121951219,0.203125,1.819569053874993e-05
NB,sms,pr,0.9512195121951219,0.20347826086956522,1.8279536099002246e-05
NB,sms,pr,0.9512195121951219,0.2038327526132404,1.8390570022392774e-05
NB,sms,pr,0.9512195121951219,0.20418848167539266,1.8812933335945486e-05
NB,sms,pr,0.9512195121951219,0.20454545454545456,1.8966688979285426e-05
NB,sms,pr,0.9512195121951219,0.20490367775831875,1.8972987869367658e-05
NB,sms,pr,0.9512195121951219,0.20526315789473684,1.9173333408641987e-05
NB,sms,pr,0.9512195121951219,0.2056239015817223,1.9180217843779436e-05
NB,sms,pr,0.9512195121951219,0.20598591549295775,1.91931674192448e-05
NB,sms,pr,0.9512195121951219,0.20634920634920634,1.946206979220144e-05
NB,sms,pr,0.9512195121951219,0.2067137809187279,1.982081833758038e-05
NB,sms,pr,0.9512195121951219,0.20707964601769913,1.9958743796890945e-05
NB,sms,pr,0.9512195121951219,0.2074468085106383,2.0056849007584294e-05
NB,sms,pr,0.9512195121951219,0.20781527531083482,2.03880467461734e-05
NB,sms,pr,0.9512195121951219,0.20818505338078291,2.0393802187176036e-05
NB,sms,pr,0.9512195121951219,0.20855614973262032,2.0393899997574628e-05
NB,sms,pr,0.9512195121951219,0.20892857142857144,2.052682792609001e-05
NB,sms,pr,0.9512195121951219,0.20930232558139536,2.0562142645096592e-05
NB,sms,pr,0.9512195121951219,0.20967741935483872,2.0684740574663555e-05
NB,sms,pr,0.9512195121951219,0.21005385996409337,2.0844336842332715e-05
NB,sms,pr,0.9512195121951219,0.210431654676259,2.1056771204632903e-05
NB,sms,pr,0.9512195121951219,0.21081081081081082,2.1073094930752047e-05
NB,sms,pr,0.9512195121951219,0.2111913357400722,2.1121539436355868e-05
NB,sms,pr,0.9512195121951219,0.2115732368896926,2.1653895539845003e-05
NB,sms,pr,0.9512195121951219,0.21195652173913043,2.2899449058760248e-05
NB,sms,pr,0.9512195121951219,0.21234119782214156,2.3104900297236614e-05
NB,sms,pr,0.9512195121951219,0.21272727272727274,2.3706576972365887e-05
NB,sms,pr,0.9512195121951219,0.21311475409836064,2.402101770568757e-05
NB,sms,pr,0.9512195121951219,0.21350364963503649,2.4067422848160033e-05
NB,sms,pr,0.9512195121951219,0.21389396709323583,2.4562745063377422e-05
NB,sms,pr,0.9512195121951219,0.21428571428571427,2.5426719140721236e-05
NB,sms,pr,0.9512195121951219,0.21467889908256882,2.575493634790551e-05
NB,sms,pr,0.9512195121951219,0.21507352941176472,2.5773569662268233e-05
NB,sms,pr,0.9512195121951219,0.2154696132596685,2.6146234391537826e-05
NB,sms,pr,0.9512195121951219,0.2158671586715867,2.6185287908061806e-05
NB,sms,pr,0.9512195121951219,0.21626617375231053,2.6198121936369377e-05
NB,sms,pr,0.9512195121951219,0.21666666666666667,2.6235505709934844e-05
NB,sms,pr,0.9512195121951219,0.21706864564007422,2.6342918324926976e-05
NB,sms,pr,0.9512195121951219,0.2174721189591078,2.640219996183679e-05
NB,sms,pr,0.9512195121951219,0.21787709497206703,2.6512966119837844e-05
NB,sms,pr,0.9512195121951219,0.21828358208955223,2.680986814719951e-05
NB,sms,pr,0.9512195121951219,0.21869158878504674,2.6832644151916885e-05
NB,sms,pr,0.9512195121951219,0.21910112359550563,2.8408819341435336e-05
NB,sms,pr,0.9512195121951219,0.21951219512195122,2.8622095673614852e-05
NB,sms,pr,0.9512195121951219,0.2199248120300752,2.902879034109648e-05
NB,sms,pr,0.943089430894309,0.2184557438794727,2.9180871223744727e-05
NB,sms,pr,0.943089430894309,0.2188679245283019,2.9651059542891764e-05
NB,sms,pr,0.943089430894309,0.21928166351606806,2.9778854636794048e-05
NB,sms,pr,0.943089430894309,0.2196969696969697,3.0410513672045944e-05
NB,sms,pr,0.943089430894309,0.22011385199240988,3.0486892858053943e-05
NB,sms,pr,0.943089430894309,0.22053231939163498,3.096248499416492e-05
NB,sms,pr,0.943089430894309,0.22095238095238096,3.1045965284606606e-05
NB,sms,pr,0.943089430894309,0.22137404580152673,3.1103690322687424e-05
NB,sms,pr,0.943089430894309,0.22179732313575526,3.129455331519951e-05
NB,sms,pr,0.943089430894309,0.2222222222222222,3.193319981832576e-05
NB,sms,pr,0.943089430894309,0.22264875239923224,3.236929482576396e-05
NB,sms,pr,0.943089430894309,0.2230769230769231,3.2702787952664074e-05
NB,sms,pr,0.943089430894309,0.22350674373795762,3.291596349668715e-05
NB,sms,pr,0.943089430894309,0.22393822393822393,3.345992167927875e-05
NB,sms,pr,0.943089430894309,0.22437137330754353,3.351476179773474e-05
NB,sms,pr,0.943089430894309,0.2248062015503876,3.379323834892126e-05
NB,sms,pr,0.943089430894309,0.22524271844660193,3.391104101687484e-05
NB,sms,pr,0.943089430894309,0.22568093385214008,3.53410916969735e-05
NB,sms,pr,0.943089430894309,0.22612085769980506,3.55619176027592e-05
NB,sms,pr,0.943089430894309,0.2265625,3.597455339476283e-05
NB,sms,pr,0.943089430894309,0.22700587084148727,3.619700518776612e-05
NB,sms,pr,0.943089430894309,0.22745098039215686,3.698546245657621e-05
NB,sms,pr,0.943089430894309,0.22789783889980353,3.76392605598602e-05
NB,sms,pr,0.943089430894309,0.2283464566929134,3.8119824486744914e-05
NB,sms,pr,0.943089430894309,0.22879684418145957,3.815587543747452e-05
NB,sms,pr,0.943089430894309,0.22924901185770752,3.845256300294132e-05
NB,sms,pr,0.943089430894309,0.2297029702970297,3.849169470356421e-05
NB,sms,pr,0.943089430894309,0.23015873015873015,3.880661746378473e-05
NB,sms,pr,0.943089430894309,0.23061630218687873,4.018047647332191e-05
NB,sms,pr,0.943089430894309,0.23107569721115537,4.024310060566941e-05
NB,sms,pr,0.943089430894309,0.2315369261477046,4.0367435818445516e-05
NB,sms,pr,0.943089430894309,0.232,4.081592991766446e-05
NB,sms,pr,0.943089430894309,0.23246492985971945,4.092854359875908e-05
NB,sms,pr,0.943089430894309,0.23293172690763053,4.114774334440321e-05
NB,sms,pr,0.943089430894309,0.23340040241448692,4.134148578784321e-05
NB,sms,pr,0.943089430894309,0.23434343434343435,4.1505395297078866e-05
NB,sms,pr,0.943089430894309,0.23481781376518218,4.1523886079316056e-05
NB,sms,pr,0.943089430894309,0.23529411764705882,4.172540819419499e-05
NB,sms,pr,0.943089430894309,0.23577235772357724,4.229170359437917e-05
NB,sms,pr,0.943089430894309,0.23625254582484725,4.250400423102973e-05
NB,sms,pr,0.943089430894309,0.23673469387755103,4.294001734857005e-05
NB,sms,pr,0.943089430894309,0.23721881390593047,4.3004221677789796e-05
NB,sms,pr,0.943089430894309,0.23770491803278687,4.3343143504907984e-05
NB,sms,pr,0.943089430894309,0.23819301848049282,4.3922425677054624e-05
NB,sms,pr,0.943089430894309,0.23868312757201646,4.402090152812025e-05
NB,sms,pr,0.943089430894309,0.23917525773195877,4.466693608566288e-05
NB,sms,pr,0.943089430894309,0.2396694214876033,4.5876404358455796e-05
NB,sms,pr,0.943089430894309,0.2401656314699793,4.717970064078808e-05
NB,sms,pr,0.943089430894309,0.24066390041493776,4.773511635540938e-05
NB,sms,pr,0.943089430894309,0.24116424116424118,4.81314317403604e-05
NB,sms,pr,0.943089430894309,0.24166666666666667,4.826497872470413e-05
NB,sms,pr,0.943089430894309,0.24217118997912318,4.850123202093368e-05
NB,sms,pr,0.943089430894309,0.24267782426778242,4.868185264935455e-05
NB,sms,pr,0.943089430894309,0.2431865828092243,4.874033091980237e-05
NB,sms,pr,0.943089430894309,0.24369747899159663,4.9478037578878475e-05
NB,sms,pr,0.943089430894309,0.24421052631578946,5.000009887795056e-05
NB,sms,pr,0.943089430894309,0.24472573839662448,5.02752165152839e-05
NB,sms,pr,0.943089430894309,0.2452431289640592,5.096684378483125e-05
NB,sms,pr,0.943089430894309,0.2457627118644068,5.098510245226463e-05
NB,sms,pr,0.943089430894309,0.24628450106157113,5.156565207520253e-05
NB,sms,pr,0.943089430894309,0.24680851063829787,5.179264517666774e-05
NB,sms,pr,0.943089430894309,0.24733475479744135,5.191976776546532e-05
NB,sms,pr,0.943089430894309,0.24786324786324787,5.232248796007056e-05
NB,sms,pr,0.943089430894309,0.24839400428265523,5.232892309630645e-05
NB,sms,pr,0.943089430894309,0.24892703862660945,5.31020038609292e-05
NB,sms,pr,0.943089430894309,0.24946236559139784,5.329911700418329e-05
NB,sms,pr,0.943089430894309,0.25,5.367091769990152e-05
NB,sms,pr,0.943089430894309,0.2505399568034557,5.3739280421050735e-05
NB,sms,pr,0.943089430894309,0.2510822510822511,5.4563020035482956e-05
NB,sms,pr,0.943089430894309,0.25162689804772237,5.5478765853269636e-05
NB,sms,pr,0.943089430894309,0.25217391304347825,5.58113296825228e-05
NB,sms,pr,0.943089430894309,0.25272331154684097,5.614586712400485e-05
NB,sms,pr,0.943089430894309,0.25327510917030566,5.628574457519312e-05
NB,sms,pr,0.943089430894309,0.2538293216630197,5.658721761099452e-05
NB,sms,pr,0.943089430894309,0.2543859649122807,5.689220279241251e-05
NB,sms,pr,0.943089430894309,0.2549450549450549,5.7183401118569415e-05
NB,sms,pr,0.943089430894309,0.2555066079295154,5.721462207408388e-05
NB,sms,pr,0.943089430894309,0.2560706401766004,5.8250503185596075e-05
NB,sms,pr,0.943089430894309,0.25663716814159293,5.8842508964946865e-05
NB,sms,pr,0.943089430894309,0.2572062084257206,5.9337961954872405e-05
NB,sms,pr,0.943089430894309,0.2577777777777778,6.025419449651227e-05
NB,sms,pr,0.943089430894309,0.2583518930957684,6.049093868680401e-05
NB,sms,pr,0.943089430894309,0.25892857142857145,6.0758445621074576e-05
NB,sms,pr,0.943089430894309,0.2595078299776286,6.137409446361095e-05
NB,sms,pr,0.943089430894309,0.2600896860986547,6.140157188316263e-05
NB,sms,pr,0.943089430894309,0.2606741573033708,6.158865825967792e-05
NB,sms,pr,0.943089430894309,0.26126126126126126,6.159792310585884e-05
NB,sms,pr,0.943089430894309,0.2618510158013544,6.17762573171236e-05
NB,sms,pr,0.943089430894309,0.26244343891402716,6.208890422484015e-05
NB,sms,pr,0.943089430894309,0.26303854875283444,6.248659546728995e-05
NB,sms,pr,0.943089430894309,0.2636363636363636,6.487756381336489e-05
NB,sms,pr,0.943089430894309,0.2642369020501139,6.524404792879682e-05
NB,sms,pr,0.943089430894309,0.2648401826484018,6.61741100088877e-05
NB,sms,pr,0.943089430894309,0.2654462242562929,6.625847324423734e-05
NB,sms,pr,0.943089430894309,0.26605504587155965,6.7000794941088e-05
NB,sms,pr,0.943089430894309,0.26666666666666666,6.788659016706579e-05
NB,sms,pr,0.943089430894309,0.2678983833718245,6.84219551695977e-05
NB,sms,pr,0.943089430894309,0.26851851851851855,6.991303118108768e-05
NB,sms,pr,0.943089430894309,0.2691415313225058,7.112167077124802e-05
NB,sms,pr,0.943089430894309,0.26976744186046514,7.134272147190697e-05
NB,sms,pr,0.943089430894309,0.2703962703962704,7.183215779032459e-05
NB,sms,pr,0.943089430894309,0.27102803738317754,7.377595391148522e-05
NB,sms,pr,0.943089430894309,0.2716627634660422,7.452821292925728e-05
NB,sms,pr,0.943089430894309,0.27230046948356806,7.492697837196956e-05
NB,sms,pr,0.943089430894309,0.27294117647058824,7.498550023811734e-05
NB,sms,pr,0.943089430894309,0.27358490566037735,7.557961416239423e-05
NB,sms,pr,0.943089430894309,0.27423167848699764,7.588450570839322e-05
NB,sms,pr,0.943089430894309,0.27488151658767773,7.619457153518445e-05
NB,sms,pr,0.943089430894309,0.2755344418052256,7.668399459194549e-05
NB,sms,pr,0.943089430894309,0.2761904761904762,7.760349624113677e-05
NB,sms,pr,0.943089430894309,0.27684964200477324,7.793391443319597e-05
NB,sms,pr,0.943089430894309,0.27751196172248804,7.843259427846589e-05
NB,sms,pr,0.943089430894309,0.27817745803357313,8.05770980063785e-05
NB,sms,pr,0.943089430894309,0.27884615384615385,8.150841047713233e-05
NB,sms,pr,0.943089430894309,0.27951807228915665,8.201856320811063e-05
NB,sms,pr,0.943089430894309,0.28019323671497587,8.257027663566189e-05
NB,sms,pr,0.943089430894309,0.28087167070217917,8.268939490924203e-05
NB,sms,pr,0.943089430894309,0.2815533980582524,8.276041208466599e-05
NB,sms,pr,0.943089430894309,0.2822384428223844,8.39701122842407e-05
NB,sms,pr,0.943089430894309,0.28292682926829266,8.592963007928983e-05
NB,sms,pr,0.943089430894309,0.28361858190709044,8.741646679641597e-05
NB,sms,pr,0.943089430894309,0.28431372549019607,8.797794381400318e-05
NB,sms,pr,0.943089430894309,0.28501228501228504,8.805343634443257e-05
NB,sms,pr,0.943089430894309,0.2857142857142857,8.900918855865642e-05
NB,sms,pr,0.943089430894309,0.28641975308641976,8.909248364085038e-05
NB,sms,pr,0.943089430894309,0.2871287128712871,9.12530029847351e-05
NB,sms,pr,0.943089430894309,0.2878411910669975,9.128197672310743e-05
NB,sms,pr,0.943089430894309,0.2885572139303483,9.220838994246e-05
NB,sms,pr,0.943089430894309,0.2892768079800499,9.252543258847009e-05
NB,sms,pr,0.943089430894309,0.29,9.295291873269866e-05
NB,sms,pr,0.943089430894309,0.2907268170426065,9.393649022602754e-05
NB,sms,pr,0.943089430894309,0.2914572864321608,9.467439712402417e-05
NB,sms,pr,0.943089430894309,0.29219143576826195,9.476962780691786e-05
NB,sms,pr,0.943089430894309,0.29292929292929293,9.483200410609433e-05
NB,sms,pr,0.943089430894309,0.2936708860759494,9.585899172165884e-05
NB,sms,pr,0.943089430894309,0.29441624365482233,9.638141002232562e-05
NB,sms,pr,0.943089430894309,0.2951653944020356,9.647401156564357e-05
NB,sms,pr,0.943089430894309,0.29591836734693877,9.935532889630628e-05
NB,sms,pr,0.943089430894309,0.2966751918158568,0.0001007572788300485
NB,sms,pr,0.943089430894309,0.29743589743589743,0.00010092624303578422
NB,sms,pr,0.943089430894309,0.2982005141388175,0.0001010951634440159
NB,sms,pr,0.943089430894309,0.29896907216494845,0.00010114007165642741
NB,sms,pr,0.9349593495934959,0.2971576227390181,0.00010159165616613191
NB,sms,pr,0.9349593495934959,0.2979274611398964,0.00010162195198712973
NB,sms,pr,0.9349593495934959,0.2987012987012987,0.00010214593805903216
NB,sms,pr,0.9349593495934959,0.2994791666666667,0.00010276711207720551
NB,sms,pr,0.9349593495934959,0.3002610966057441,0.00010280841785143937
NB,sms,pr,0.9349593495934959,0.3010471204188482,0.00010398022520460098
NB,sms,pr,0.9349593495934959,0.30183727034120733,0.00010523619286440437
NB,sms,pr,0.9349593495934959,0.3026315789473684,0.00010730673314948254
NB,sms,pr,0.9349593495934959,0.3034300791556728,0.00010867081795797753
NB,sms,pr,0.9349593495934959,0.30423280423280424,0.0001094591038100989
NB,sms,pr,0.9349593495934959,0.3050397877984085,0.00011022083097791342
NB,sms,pr,0.9349593495934959,0.3058510638297872,0.0001112527406204006
NB,sms,pr,0.9349593495934959,0.30666666666666664,0.00011162147061061697
NB,sms,pr,0.9349593495934959,0.3074866310160428,0.00011187340875470103
NB,sms,pr,0.9349593495934959,0.30831099195710454,0.00011424605672701235
NB,sms,pr,0.9349593495934959,0.30913978494623656,0.00011982048823843166
NB,sms,pr,0.9349593495934959,0.30997304582210244,0.00012097154783522651
NB,sms,pr,0.9349593495934959,0.3108108108108108,0.0001213595392809165
NB,sms,pr,0.9349593495934959,0.3116531165311653,0.00012173036346789291
NB,sms,pr,0.9349593495934959,0.3125,0.00012197275405268584
NB,sms,pr,0.9349593495934959,0.3133514986376022,0.00012398255146749693
NB,sms,pr,0.9349593495934959,0.31420765027322406,0.00012507910307728466
NB,sms,pr,0.9349593495934959,0.3150684931506849,0.00012525883553569976
NB,sms,pr,0.9349593495934959,0.3159340659340659,0.0001284413344826715
NB,sms,pr,0.9349593495934959,0.3168044077134986,0.0001287442989305409
NB,sms,pr,0.9349593495934959,0.31767955801104975,0.00013213134262763743
NB,sms,pr,0.9349593495934959,0.3185595567867036,0.00013215052832205273
NB,sms,pr,0.9349593495934959,0.3194444444444444,0.00013343844862788781
NB,sms,pr,0.9349593495934959,0.3203342618384401,0.00013526104981689065
NB,sms,pr,0.9349593495934959,0.32122905027932963,0.00013695671144305885
NB,sms,pr,0.9349593495934959,0.32212885154061627,0.00014002441021165215
NB,sms,pr,0.9349593495934959,0.32303370786516855,0.0001467442340351352
NB,sms,pr,0.9349593495934959,0.323943661971831,0.00014818273193173127
NB,sms,pr,0.9349593495934959,0.3248587570621469,0.00014848723949828727
NB,sms,pr,0.9349593495934959,0.32577903682719545,0.00015083549376680532
NB,sms,pr,0.9349593495934959,0.32670454545454547,0.00015622454408348026
NB,sms,pr,0.9349593495934959,0.32763532763532766,0.0001597186533870741
NB,sms,pr,0.9349593495934959,0.32857142857142857,0.00016175661892059125
NB,sms,pr,0.9349593495934959,0.32951289398280803,0.0001621027545407518
NB,sms,pr,0.9349593495934959,0.33045977011494254,0.00016349165485190226
NB,sms,pr,0.9349593495934959,0.3314121037463977,0.00016388760743616098
NB,sms,pr,0.9349593495934959,0.33236994219653176,0.00016562712576576212
NB,sms,pr,0.9349593495934959,0.3333333333333333,0.0001670668686774508
NB,sms,pr,0.9349593495934959,0.33430232558139533,0.0001671474011780331
NB,sms,pr,0.9349593495934959,0.33527696793002915,0.00016733481503116373
NB,sms,pr,0.9349593495934959,0.3362573099415205,0.00016914105776363273
NB,sms,pr,0.9349593495934959,0.33724340175953077,0.00017126586011172762
NB,sms,pr,0.9349593495934959,0.3382352941176471,0.00017255841872965564
NB,sms,pr,0.9349593495934959,0.3392330383480826,0.00017271015700508557
NB,sms,pr,0.9349593495934959,0.34023668639053256,0.0001743718185488025
NB,sms,pr,0.9349593495934959,0.34124629080118696,0.00017515176064277039
NB,sms,pr,0.9349593495934959,0.34226190476190477,0.00017565093054904766
NB,sms,pr,0.9349593495934959,0.34328358208955223,0.0001775675050618808
NB,sms,pr,0.9349593495934959,0.344311377245509,0.00017803263263798554
NB,sms,pr,0.9349593495934959,0.34534534534534533,0.00017848096206361344
NB,sms,pr,0.9349593495934959,0.3463855421686747,0.00018207716574109858
NB,sms,pr,0.9349593495934959,0.3474320241691843,0.0001854180465723377
NB,sms,pr,0.9349593495934959,0.3484848484848485,0.00018895999758456844
NB,sms,pr,0.9349593495934959,0.3495440729483283,0.00019106302707210887
NB,sms,pr,0.9349593495934959,0.35060975609756095,0.0001952780462448151
NB,sms,pr,0.9349593495934959,0.3516819571865443,0.00019563781632834886
NB,sms,pr,0.9349593495934959,0.35276073619631904,0.00019697097231198272
NB,sms,pr,0.9349593495934959,0.35384615384615387,0.00019798604512177422
NB,sms,pr,0.9349593495934959,0.3549382716049383,0.00019830698540119948
NB,sms,pr,0.9349593495934959,0.3560371517027864,0.00020032796300100913
NB,sms,pr,0.9349593495934959,0.35714285714285715,0.00020083608407794152
NB,sms,pr,0.9349593495934959,0.3582554517133956,0.0002021254762593586
NB,sms,pr,0.9349593495934959,0.359375,0.0002030493857026705
NB,sms,pr,0.9349593495934959,0.3605015673981191,0.00020501049611785612
NB,sms,pr,0.9349593495934959,0.36163522012578614,0.00020549974193218116
NB,sms,pr,0.9349593495934959,0.3627760252365931,0.00020878286213529875
NB,sms,pr,0.9349593495934959,0.3639240506329114,0.0002240896614310684
NB,sms,pr,0.9349593495934959,0.36507936507936506,0.00022568200540129795
NB,sms,pr,0.9349593495934959,0.3662420382165605,0.00022611249337865902
NB,sms,pr,0.9349593495934959,0.36741214057507987,0.00023562900700851384
NB,sms,pr,0.9349593495934959,0.3685897435897436,0.00023793764328737305
NB,sms,pr,0.9349593495934959,0.36977491961414793,0.0002417638819853818
NB,sms,pr,0.9349593495934959,0.3709677419354839,0.00024202621861393962
NB,sms,pr,0.9349593495934959,0.37216828478964403,0.0002495237396418603
NB,sms,pr,0.9349593495934959,0.37337662337662336,0.0002500216842515795
NB,sms,pr,0.9349593495934959,0.3745928338762215,0.000252489877290462
NB,sms,pr,0.9349593495934959,0.3758169934640523,0.000257183974663339
NB,sms,pr,0.9349593495934959,0.3770491803278688,0.0002608990437583581
NB,sms,pr,0.9349593495934959,0.3782894736842105,0.0002616407858223525
NB,sms,pr,0.9349593495934959,0.3795379537953795,0.00026275972609039007
NB,sms,pr,0.9349593495934959,0.38079470198675497,0.0002649899452747459
NB,sms,pr,0.9349593495934959,0.38205980066445183,0.0002669966865198919
NB,sms,pr,0.9349593495934959,0.38333333333333336,0.00026762726337897314
NB,sms,pr,0.9349593495934959,0.38461538461538464,0.0002717995459287784
NB,sms,pr,0.9349593495934959,0.3872053872053872,0.00027466745564774597
NB,sms,pr,0.9349593495934959,0.3885135135135135,0.0002757096342975208
NB,sms,pr,0.9349593495934959,0.3898305084745763,0.0002787049723157861
NB,sms,pr,0.9349593495934959,0.391156462585034,0.0002822418235569626
NB,sms,pr,0.9349593495934959,0.3924914675767918,0.0002854331900147864
NB,sms,pr,0.9349593495934959,0.3938356164383562,0.0002868803928974998
NB,sms,pr,0.9349593495934959,0.3951890034364261,0.0002883750146621312
NB,sms,pr,0.9349593495934959,0.39655172413793105,0.00029072378358043074
NB,sms,pr,0.9349593495934959,0.39792387543252594,0.0002980974029567258
NB,sms,pr,0.9349593495934959,0.3993055555555556,0.0003015446443863429
NB,sms,pr,0.9349593495934959,0.40069686411149824,0.000302312358802689
NB,sms,pr,0.9349593495934959,0.4020979020979021,0.0003074651987687007
NB,sms,pr,0.9349593495934959,0.40350877192982454,0.00030951387264489425
NB,sms,pr,0.9349593495934959,0.40492957746478875,0.00031351608680419053
NB,sms,pr,0.9349593495934959,0.40636042402826855,0.000317378317249031
NB,sms,pr,0.9349593495934959,0.4078014184397163,0.000320513849919839
NB,sms,pr,0.9349593495934959,0.4092526690391459,0.00032783675360699617
NB,sms,pr,0.9349593495934959,0.4107142857142857,0.00033049597979484626
NB,sms,pr,0.9349593495934959,0.4121863799283154,0.00033281172954806993
NB,sms,pr,0.9349593495934959,0.4136690647482014,0.0003341104334571473
NB,sms,pr,0.9349593495934959,0.4151624548736462,0.0003348679946659062
NB,sms,pr,0.9349593495934959,0.4166666666666667,0.000337353260961964
NB,sms,pr,0.9349593495934959,0.41818181818181815,0.00033910392856633965
NB,sms,pr,0.9349593495934959,0.4197080291970803,0.0003401312161345769
NB,sms,pr,0.9349593495934959,0.42124542124542125,0.0003454767412866769
NB,sms,pr,0.9349593495934959,0.4227941176470588,0.00034600609976902284
NB,sms,pr,0.9349593495934959,0.42435424354243545,0.0003578278213230512
NB,sms,pr,0.9349593495934959,0.42592592592592593,0.0003582962095942703
NB,sms,pr,0.9349593495934959,0.4275092936802974,0.0003670900017346826
NB,sms,pr,0.9349593495934959,0.4291044776119403,0.00037078376423150394
NB,sms,pr,0.9349593495934959,0.4307116104868914,0.0003734416676387303
NB,sms,pr,0.9349593495934959,0.4323308270676692,0.00038529436447616816
NB,sms,pr,0.9349593495934959,0.4339622641509434,0.0003923680636954976
NB,sms,pr,0.9349593495934959,0.4356060606060606,0.00039450598094657426
NB,sms,pr,0.9349593495934959,0.4372623574144487,0.000395204562607708
NB,sms,pr,0.9349593495934959,0.4389312977099237,0.0003953092971425817
NB,sms,pr,0.9349593495934959,0.44061302681992337,0.0004108648158505434
NB,sms,pr,0.9349593495934959,0.4423076923076923,0.0004144016252821737
NB,sms,pr,0.9349593495934959,0.444015444015444,0.0004171336068122197
NB,sms,pr,0.9349593495934959,0.44573643410852715,0.0004279118461544493
NB,sms,pr,0.9349593495934959,0.4474708171206226,0.00042903428736451647
NB,sms,pr,0.9349593495934959,0.44921875,0.0004308290381805573
NB,sms,pr,0.9349593495934959,0.45098039215686275,0.00043176782175394804
NB,sms,pr,0.9349593495934959,0.452755905511811,0.0004318591236187685
NB,sms,pr,0.9349593495934959,0.45454545454545453,0.0004401771414146247
NB,sms,pr,0.9349593495934959,0.45634920634920634,0.0004417277650553933
NB,sms,pr,0.9349593495934959,0.4581673306772908,0.0004452793688786707
NB,sms,pr,0.9349593495934959,0.46,0.0004531023965598274
NB,sms,pr,0.9349593495934959,0.46184738955823296,0.0004544359218344592
NB,sms,pr,0.9349593495934959,0.4637096774193548,0.0004551138596206805
NB,sms,pr,0.9349593495934959,0.46558704453441296,0.0004636326208237601
NB,sms,pr,0.9349593495934959,0.46747967479674796,0.00046753103109415165
NB,sms,pr,0.9349593495934959,0.46938775510204084,0.0004776444321153699
NB,sms,pr,0.9349593495934959,0.4713114754098361,0.00048272128603458385
NB,sms,pr,0.9349593495934959,0.4732510288065844,0.000488873316045144
NB,sms,pr,0.9349593495934959,0.47520661157024796,0.0004935729024068207
NB,sms,pr,0.9349593495934959,0.47717842323651455,0.0005035348797258851
NB,sms,pr,0.9349593495934959,0.4791666666666667,0.0005045578893676838
NB,sms,pr,0.9349593495934959,0.4811715481171548,0.0005134931353708636
NB,sms,pr,0.9349593495934959,0.4831932773109244,0.0005666187889708072
NB,sms,pr,0.9349593495934959,0.48523206751054854,0.0005766443761110512
NB,sms,pr,0.9349593495934959,0.4872881355932203,0.0005829924578997873
NB,sms,pr,0.9349593495934959,0.48936170212765956,0.0006025159018510563
NB,sms,pr,0.9349593495934959,0.49145299145299143,0.0006392517595578733
NB,sms,pr,0.9349593495934959,0.49356223175965663,0.0006455102999801416
NB,sms,pr,0.9349593495934959,0.4956896551724138,0.0006760587676983157
NB,sms,pr,0.9349593495934959,0.49783549783549785,0.0006766439847405149
NB,sms,pr,0.9349593495934959,0.5,0.0006845454870142524
NB,sms,pr,0.9349593495934959,0.5021834061135371,0.000698250414472129
NB,sms,pr,0.9349593495934959,0.5043859649122807,0.0007069235861949272
NB,sms,pr,0.9349593495934959,0.5066079295154186,0.0007202605521173304
NB,sms,pr,0.9349593495934959,0.5088495575221239,0.0007210222001782951
NB,sms,pr,0.9349593495934959,0.5111111111111111,0.0007265680633925545
NB,sms,pr,0.9349593495934959,0.5133928571428571,0.0007340565092443318
NB,sms,pr,0.9349593495934959,0.515695067264574,0.0007500807858320024
NB,sms,pr,0.9349593495934959,0.5180180180180181,0.0007678945473250812
NB,sms,pr,0.9349593495934959,0.5203619909502263,0.0007822131754191973
NB,sms,pr,0.9349593495934959,0.5227272727272727,0.0007914134759544419
NB,sms,pr,0.9349593495934959,0.5251141552511416,0.0008565650456927534
NB,sms,pr,0.9349593495934959,0.5275229357798165,0.0008599108874937824
NB,sms,pr,0.9349593495934959,0.5299539170506913,0.0008652647345918123
NB,sms,pr,0.9349593495934959,0.5324074074074074,0.0008758960472427793
NB,sms,pr,0.9349593495934959,0.5348837209302325,0.000918746287175138
NB,sms,pr,0.9349593495934959,0.5373831775700935,0.0009211512344434363
NB,sms,pr,0.9349593495934959,0.539906103286385,0.000950208135606481
NB,sms,pr,0.9349593495934959,0.5424528301886793,0.000959319510422451
NB,sms,pr,0.9349593495934959,0.5450236966824644,0.000982645749709571
NB,sms,pr,0.9349593495934959,0.5476190476190477,0.0009916139085202667
NB,sms,pr,0.9349593495934959,0.5502392344497608,0.0009949137460141357
NB,sms,pr,0.9349593495934959,0.5528846153846154,0.0009949915485131598
NB,sms,pr,0.9349593495934959,0.5555555555555556,0.001023086999293453
NB,sms,pr,0.9349593495934959,0.558252427184466,0.0010875691627949759
NB,sms,pr,0.9349593495934959,0.5609756097560976,0.0011788583313910187
NB,sms,pr,0.9349593495934959,0.5637254901960784,0.0011934854185682812
NB,sms,pr,0.9349593495934959,0.5665024630541872,0.001196531149855796
NB,sms,pr,0.9349593495934959,0.5693069306930693,0.001206623216039618
NB,sms,pr,0.9349593495934959,0.572139303482587,0.0012447330765501593
NB,sms,pr,0.9349593495934959,0.575,0.0012657662496802057
NB,sms,pr,0.9349593495934959,0.5778894472361809,0.001286777084081875
NB,sms,pr,0.9349593495934959,0.5808080808080808,0.001364840208971255
NB,sms,pr,0.9349593495934959,0.583756345177665,0.0014850611059374272
NB,sms,pr,0.9349593495934959,0.5867346938775511,0.001566455547004564
NB,sms,pr,0.9349593495934959,0.5897435897435898,0.0016434274207705315
NB,sms,pr,0.9349593495934959,0.5927835051546392,0.0016741534744054145
NB,sms,pr,0.9349593495934959,0.5958549222797928,0.001694685095173592
NB,sms,pr,0.9349593495934959,0.5989583333333334,0.0016996824128633287
NB,sms,pr,0.9349593495934959,0.6020942408376964,0.0017536777456091995
NB,sms,pr,0.9349593495934959,0.6052631578947368,0.0018554609342113539
NB,sms,pr,0.9349593495934959,0.6084656084656085,0.0018711409095956073
NB,sms,pr,0.9349593495934959,0.6117021276595744,0.0019590284056382992
NB,sms,pr,0.9349593495934959,0.6149732620320856,0.002142723010478757
NB,sms,pr,0.926829268292683,0.6129032258064516,0.0022351254371229512
NB,sms,pr,0.926829268292683,0.6162162162162163,0.0022569406882247014
NB,sms,pr,0.926829268292683,0.6195652173913043,0.002298243378026204
NB,sms,pr,0.9186991869918699,0.6174863387978142,0.002477254803758146
NB,sms,pr,0.9186991869918699,0.6208791208791209,0.0025701978129627637
NB,sms,pr,0.9186991869918699,0.6243093922651933,0.0027792069913447214
NB,sms,pr,0.9186991869918699,0.6277777777777778,0.00280527514773822
NB,sms,pr,0.9186991869918699,0.6312849162011173,0.002973730708570078
NB,sms,pr,0.9186991869918699,0.6348314606741573,0.003020145277069994
NB,sms,pr,0.9186991869918699,0.6384180790960452,0.0032627379000082233
NB,sms,pr,0.9186991869918699,0.6420454545454546,0.003576883614837334
NB,sms,pr,0.9186991869918699,0.6457142857142857,0.0038923722020922716
NB,sms,pr,0.9186991869918699,0.6494252873563219,0.004193492337786111
NB,sms,pr,0.9186991869918699,0.653179190751445,0.00460501425757281
NB,sms,pr,0.9186991869918699,0.6569767441860465,0.004704720355695248
NB,sms,pr,0.9186991869918699,0.6608187134502924,0.004753188937634196
NB,sms,pr,0.9186991869918699,0.6647058823529411,0.004875995296574356
NB,sms,pr,0.9186991869918699,0.6686390532544378,0.0051466629829383884
NB,sms,pr,0.9186991869918699,0.6726190476190477,0.005265357288687142
NB,sms,pr,0.9186991869918699,0.6766467065868264,0.005502349421476337
NB,sms,pr,0.9186991869918699,0.6807228915662651,0.006387319137046727
NB,sms,pr,0.9186991869918699,0.6890243902439024,0.006505794440702235
NB,sms,pr,0.9105691056910569,0.6871165644171779,0.007245620636334791
NB,sms,pr,0.9105691056910569,0.691358024691358,0.007654508510808838
NB,sms,pr,0.9105691056910569,0.6956521739130435,0.008041022109019197
NB,sms,pr,0.9024390243902439,0.69375,0.008251162253748055
NB,sms,pr,0.9024390243902439,0.6981132075471698,0.008361712946299416
NB,sms,pr,0.9024390243902439,0.7025316455696202,0.008829429088184453
NB,sms,pr,0.9024390243902439,0.7070063694267515,0.009966068113419659
NB,sms,pr,0.9024390243902439,0.7115384615384616,0.010043472501900323
NB,sms,pr,0.9024390243902439,0.7161290322580646,0.010444561320437805
NB,sms,pr,0.9024390243902439,0.7207792207792207,0.010520436495834678
NB,sms,pr,0.9024390243902439,0.7254901960784313,0.011878334495626865
NB,sms,pr,0.9024390243902439,0.7302631578947368,0.01355526834623629
NB,sms,pr,0.9024390243902439,0.7350993377483444,0.014807978337807637
NB,sms,pr,0.9024390243902439,0.74,0.016503650755560005
NB,sms,pr,0.9024390243902439,0.7449664429530202,0.017761523169552002
NB,sms,pr,0.9024390243902439,0.75,0.019692481440871618
NB,sms,pr,0.9024390243902439,0.7551020408163265,0.020375895777512632
NB,sms,pr,0.8943089430894309,0.7534246575342466,0.02103263823931655
NB,sms,pr,0.8943089430894309,0.7586206896551724,0.023722089180165346
NB,sms,pr,0.8943089430894309,0.7638888888888888,0.02490246740049108
NB,sms,pr,0.8943089430894309,0.7692307692307693,0.0257345523678387
NB,sms,pr,0.8943089430894309,0.7746478873239436,0.03236216276615819
NB,sms,pr,0.8943089430894309,0.7801418439716312,0.04151896072959577
NB,sms,pr,0.8943089430894309,0.7857142857142857,0.04835689228724612
NB,sms,pr,0.8943089430894309,0.7913669064748201,0.051825968136910906
NB,sms,pr,0.8943089430894309,0.7971014492753623,0.05244379778911868
NB,sms,pr,0.8943089430894309,0.8029197080291971,0.061536677563433034
NB,sms,pr,0.8943089430894309,0.8088235294117647,0.06381340205740746
NB,sms,pr,0.8943089430894309,0.8148148148148148,0.06572872214717695
NB,sms,pr,0.8943089430894309,0.8208955223880597,0.06805690322968444
NB,sms,pr,0.8943089430894309,0.8270676691729323,0.07487882633472405
NB,sms,pr,0.8943089430894309,0.8333333333333334,0.07739002845533072
NB,sms,pr,0.8943089430894309,0.8396946564885496,0.07993459965445385
NB,sms,pr,0.8943089430894309,0.8461538461538461,0.10090359818278986
NB,sms,pr,0.8861788617886179,0.8449612403100775,0.1256412245900607
NB,sms,pr,0.8861788617886179,0.8515625,0.13483245358608484
NB,sms,pr,0.8861788617886179,0.8582677165354331,0.1455643335428043
NB,sms,pr,0.8861788617886179,0.8650793650793651,0.1540205786827257
NB,sms,pr,0.8861788617886179,0.872,0.21612607681983256
NB,sms,pr,0.8861788617886179,0.8790322580645161,0.2861445679523479
NB,sms,pr,0.8861788617886179,0.8861788617886179,0.37391533430200224
NB,sms,pr,0.8861788617886179,0.8934426229508197,0.4140902854718175
NB,sms,pr,0.8861788617886179,0.9008264462809917,0.4233902483483464
NB,sms,pr,0.8861788617886179,0.9083333333333333,0.49118651108037786
NB,sms,pr,0.8861788617886179,0.9159663865546218,0.5020260071563398
NB,sms,pr,0.8780487804878049,0.9152542372881356,0.5508221975475264
NB,sms,pr,0.8780487804878049,0.9230769230769231,0.7271757778931652
NB,sms,pr,0.8780487804878049,0.9310344827586207,0.9992455038615392
NB,sms,pr,0.8699186991869918,0.9304347826086956,0.9992758950686377
NB,sms,pr,0.8699186991869918,0.9385964912280702,0.9996897701044465
NB,sms,pr,0.8617886178861789,0.9380530973451328,0.9998106888975413
NB,sms,pr,0.8617886178861789,0.9464285714285714,0.9998969879831598
NB,sms,pr,0.8536585365853658,0.9459459459459459,0.9999702141885791
NB,sms,pr,0.8536585365853658,0.9545454545454546,0.9999850686282384
NB,sms,pr,0.8455284552845529,0.9541284403669725,0.9999871131571061
NB,sms,pr,0.8373983739837398,0.9537037037037037,0.9999878644076678
NB,sms,pr,0.8292682926829268,0.9532710280373832,0.9999957518211456
NB,sms,pr,0.8292682926829268,0.9622641509433962,0.9999980062090951
NB,sms,pr,0.8292682926829268,0.9714285714285714,0.9999993926823404
NB,sms,pr,0.8211382113821138,0.9711538461538461,0.9999995601421404
NB,sms,pr,0.8211382113821138,0.9805825242718447,0.9999999734556585
NB,sms,pr,0.8130081300813008,0.9803921568627451,0.9999999990700985
NB,sms,pr,0.8048780487804879,0.9801980198019802,0.9999999998562146
NB,sms,pr,0.7967479674796748,0.98,0.9999999999244267
NB,sms,pr,0.7967479674796748,0.98989898989899,0.999999999974051
NB,sms,pr,0.7967479674796748,1.0,0.9999999999751878
NB,sms,pr,0.7886178861788617,1.0,0.9999999999854481
NB,sms,pr,0.7804878048780488,1.0,0.9999999999911893
NB,sms,pr,0.7723577235772358,1.0,0.9999999999959073
NB,sms,pr,0.7642276422764228,1.0,0.9999999999977263
NB,sms,pr,0.7560975609756098,1.0,0.9999999999978115
NB,sms,pr,0.7479674796747967,1.0,0.9999999999995737
NB,sms,pr,0.7398373983739838,1.0,0.9999999999998295
NB,sms,pr,0.7317073170731707,1.0,1.0
NB,sms,pr,0.0,1.0,
NB,sms,roc,0.0,0.0,inf
NB,sms,roc,0.0,0.7317073170731707,1.0
NB,sms,roc,0.0,0.7967479674796748,0.9999999999751878
NB,sms,roc,0.0020876826722338203,0.7967479674796748,0.9999999999244267
NB,sms,roc,0.0020876826722338203,0.8211382113821138,0.9999999734556585
NB,sms,roc,0.003131524008350731,0.8211382113821138,0.9999995601421404
NB,sms,roc,0.003131524008350731,0.8292682926829268,0.9999993926823404
NB,sms,roc,0.005219206680584551,0.8292682926829268,0.9999957518211456
NB,sms,roc,0.005219206680584551,0.8536585365853658,0.9999850686282384
NB,sms,roc,0.006263048016701462,0.8536585365853658,0.9999702141885791
NB,sms,roc,0.006263048016701462,0.8617886178861789,0.9998969879831598
NB,sms,roc,0.007306889352818371,0.8617886178861789,0.9998106888975413
NB,sms,roc,0.007306889352818371,0.8699186991869918,0.9996897701044465
NB,sms,roc,0.008350730688935281,0.8699186991869918,0.9992758950686377
NB,sms,roc,0.008350730688935281,0.8780487804878049,0.9992455038615392
NB,sms,roc,0.010438413361169102,0.8780487804878049,0.5508221975475264
NB,sms,roc,0.010438413361169102,0.8861788617886179,0.5020260071563398
NB,sms,roc,0.020876826722338204,0.8861788617886179,0.1256412245900607
NB,sms,roc,0.020876826722338204,0.8943089430894309,0.10090359818278986
NB,sms,roc,0.037578288100208766,0.8943089430894309,0.02103263823931655
NB,sms,roc,0.037578288100208766,0.9024390243902439,0.020375895777512632
NB,sms,roc,0.0511482254697286,0.9024390243902439,0.008251162253748055
NB,sms,roc,0.0511482254697286,0.9105691056910569,0.008041022109019197
NB,sms,roc,0.05323590814196242,0.9105691056910569,0.007245620636334791
NB,sms,roc,0.05323590814196242,0.9186991869918699,0.006505794440702235
NB,sms,roc,0.055323590814196244,0.9186991869918699,0.006387319137046727
NB,sms,roc,0.07306889352818371,0.9186991869918699,0.002477254803758146
NB,sms,roc,0.07306889352818371,0.926829268292683,0.002298243378026204
NB,sms,roc,0.07515657620041753,0.926829268292683,0.0022351254371229512
NB,sms,roc,0.07515657620041753,0.9349593495934959,0.002142723010478757
NB,sms,roc,0.18997912317327767,0.9349593495934959,0.00027466745564774597
NB,sms,roc,0.19206680584551147,0.9349593495934959,0.0002717995459287784
NB,sms,roc,0.2839248434237996,0.9349593495934959,0.00010159165616613191
NB,sms,roc,0.2839248434237996,0.943089430894309,0.00010114007165642741
NB,sms,roc,0.33089770354906056,0.943089430894309,6.84219551695977e-05
NB,sms,roc,0.33298538622129437,0.943089430894309,6.788659016706579e-05
NB,sms,roc,0.395615866388309,0.943089430894309,4.1505395297078866e-05
NB,sms,roc,0.3977035490605428,0.943089430894309,4.134148578784321e-05
NB,sms,roc,0.4331941544885177,0.943089430894309,2.9180871223744727e-05
NB,sms,roc,0.4331941544885177,0.9512195121951219,2.902879034109648e-05
NB,sms,roc,0.5041753653444676,0.9512195121951219,1.4610027415230792e-05
NB,sms,roc,0.5062630480167014,0.9512195121951219,1.4550322259554943e-05
NB,sms,roc,0.5125260960334029,0.9512195121951219,1.3949943575399116e-05
NB,sms,roc,0.5125260960334029,0.959349593495935,1.3861658784448264e-05
NB,sms,roc,0.5177453027139874,0.959349593495935,1.2358207157896759e-05
NB,sms,roc,0.5260960334029228,0.959349593495935,1.2269447141208209e-05
NB,sms,roc,0.5271398747390397,0.959349593495935,1.2085505998691825e-05
NB,sms,roc,0.5271398747390397,0.967479674796748,1.2063630321755897e-05
NB,sms,roc,0.5313152400835073,0.967479674796748,1.1339368767547563e-05
NB,sms,roc,0.5313152400835073,0.975609756097561,1.1301969419573967e-05
NB,sms,roc,0.5730688935281837,0.975609756097561,7.871564893040744e-06
NB,sms,roc,0.5751565762004175,0.975609756097561,7.85476822465137e-06
NB,sms,roc,0.6659707724425887,0.975609756097561,2.4812598198333003e-06
NB,sms,roc,0.6680584551148225,0.975609756097561,2.4526453487396535e-06
NB,sms,roc,0.6701461377870563,0.975609756097561,2.3943287930267085e-06
NB,sms,roc,0.6722338204592901,0.975609756097561,2.391737931434415e-06
NB,sms,roc,0.7964509394572025,0.975609756097561,4.327386558352914e-07
NB,sms,roc,0.7964509394572025,0.983739837398374,4.214971442134918e-07
NB,sms,roc,0.872651356993737,0.983739837398374,4.7342309560140794e-08
NB,sms,roc,0.872651356993737,0.991869918699187,4.3660818491334886e-08
NB,sms,roc,0.894572025052192,0.991869918699187,1.565963250828836e-08
NB,sms,roc,0.894572025052192,1.0,1.5058010905614015e-08
NB,sms,roc,0.930062630480167,1.0,2.108159198186269e-09
NB,sms,roc,0.9321503131524008,1.0,1.938491352252583e-09
NB,sms,roc,0.9467640918580376,1.0,1.0069933759709288e-09
NB,sms,roc,0.9488517745302714,1.0,9.3264227511251e-10
NB,sms,roc,0.9968684759916493,1.0,2.155779151092317e-15
NB,sms,roc,0.9989561586638831,1.0,1.9001843933025038e-22
NB,sms,roc,1.0,1.0,1.6327954567234654e-24
